{"cameraMode":{"drawMode":0,"name":"Shaded","section":"Shading Mode"},"sceneLighting":false,"audioPlay":false,"sceneViewState":{"showFog":true,"showMaterialUpdate":true,"showSkybox":true,"showFlares":true,"showImageEffects":true,"showParticleSystems":true},"in2DMode":false,"pivot":{"x":14.041105270385743,"y":0.6876217126846314,"z":-1.250942349433899},"rotation":{"x":0.2702367603778839,"y":0.6675552129745483,"z":-0.2852405309677124,"w":0.6324397921562195},"size":1.5345938205718995,"orthographic":false}