{"cameraMode":{"drawMode":0,"name":"Shaded","section":"Shading Mode"},"sceneLighting":false,"audioPlay":false,"sceneViewState":{"showFog":true,"showMaterialUpdate":true,"showSkybox":true,"showFlares":true,"showImageEffects":true,"showParticleSystems":true},"in2DMode":false,"pivot":{"x":0.8903510570526123,"y":-0.17086946964263917,"z":0.5753419399261475},"rotation":{"x":-0.29518961906433108,"y":0.062139008194208148,"z":-0.0192426610738039,"w":-0.9532217383384705},"size":1.9041657447814942,"orthographic":false}