{"cameraMode":{"drawMode":0,"name":"Shaded","section":"Shading Mode"},"sceneLighting":false,"audioPlay":false,"sceneViewState":{"showFog":true,"showMaterialUpdate":true,"showSkybox":true,"showFlares":true,"showImageEffects":true,"showParticleSystems":true},"in2DMode":false,"pivot":{"x":-2.4068355560302736,"y":0.20026063919067384,"z":-0.8635000586509705},"rotation":{"x":0.7020053267478943,"y":0.046449530869722369,"z":-0.04597795382142067,"w":0.7091664671897888},"size":3.8541078567504885,"orthographic":false}