{"cameraMode":{"drawMode":0,"name":"Shaded","section":"Shading Mode"},"sceneLighting":false,"audioPlay":false,"sceneViewState":{"showFog":true,"showMaterialUpdate":true,"showSkybox":true,"showFlares":true,"showImageEffects":true,"showParticleSystems":true},"in2DMode":false,"pivot":{"x":4.896511077880859,"y":-1.800748348236084,"z":-2.34688663482666},"rotation":{"x":0.36002418398857119,"y":0.6359815001487732,"z":-0.5252373814582825,"w":0.43593111634254458},"size":7.611963272094727,"orthographic":false}