{"cameraMode":{"drawMode":0,"name":"Shaded","section":"Shading Mode"},"sceneLighting":false,"audioPlay":false,"sceneViewState":{"showFog":true,"showMaterialUpdate":true,"showSkybox":true,"showFlares":true,"showImageEffects":true,"showParticleSystems":true},"in2DMode":false,"pivot":{"x":4.2230000495910648,"y":1.5606000423431397,"z":0.3732900321483612},"rotation":{"x":0.5918169617652893,"y":0.004356012213975191,"z":-0.0031967158429324629,"w":0.8060542941093445},"size":8.675895690917969,"orthographic":false}