{"cameraMode":{"drawMode":0,"name":"Shaded","section":"Shading Mode"},"sceneLighting":false,"audioPlay":false,"sceneViewState":{"showFog":true,"showMaterialUpdate":true,"showSkybox":true,"showFlares":true,"showImageEffects":true,"showParticleSystems":true},"in2DMode":false,"pivot":{"x":1.8918850421905518,"y":-67.90709686279297,"z":15.086265563964844},"rotation":{"x":0.6132572889328003,"y":0.01564275287091732,"z":-0.012147707864642144,"w":0.7896348834037781},"size":96.63322448730469,"orthographic":false}