{"cameraMode":{"drawMode":0,"name":"Shaded","section":"Shading Mode"},"sceneLighting":false,"audioPlay":false,"sceneViewState":{"showFog":true,"showMaterialUpdate":true,"showSkybox":true,"showFlares":true,"showImageEffects":true,"showParticleSystems":true},"in2DMode":false,"pivot":{"x":0.5760149359703064,"y":-2.774238109588623,"z":2.3017005920410158},"rotation":{"x":0.40114957094192507,"y":-0.014285223558545113,"z":0.0062585631385445599,"w":0.9158798456192017},"size":6.378407001495361,"orthographic":false}