{"cameraMode":{"drawMode":0,"name":"Shaded","section":"Shading Mode"},"sceneLighting":false,"audioPlay":false,"sceneViewState":{"showFog":true,"showMaterialUpdate":true,"showSkybox":true,"showFlares":true,"showImageEffects":true,"showParticleSystems":true},"in2DMode":false,"pivot":{"x":13.920000076293946,"y":1.1299999952316285,"z":-1.2699999809265137},"rotation":{"x":0.7020053267478943,"y":0.046449530869722369,"z":-0.04597795382142067,"w":0.7091664671897888},"size":1.3962175846099854,"orthographic":false}